<?xml version="1.0" encoding="UTF-8"?>
<addon id="repository.colossus" name="[COLOR gold]Colossus newone Repository[/COLOR]" version="1-1.0.0" provider-name="Colossal newone">
    <extension point="xbmc.addon.repository" name="[COLOR gold]Colossus Repository[/COLOR]">
    <dir>
        <info compressed="false">https://raw.githubusercontent.com/colossus-newone/Colossus-newone-Repository/raw/master/addons.xml</info>
        <checksum>https://raw.githubusercontent.com/colossus-newone/Colossus-newone-Repository/raw/master/addons.xml.md5</checksum>
        <datadir zip="true">https://raw.githubusercontent.com/colossus-newone/Colossus-newone-Repository/raw/master/zips/</datadir>
    </dir>
        <info compressed="false">https://raw.githubusercontent.com/colossus-newone/Colossus-newone-Repository/master/addons.xml</info>
        <checksum>https://raw.githubusercontent.com/colossus-newone/Colossus-newone-Repository/master/addons.xml.md5</checksum>
        <datadir zip="true">https://raw.githubusercontent.com/colossus-newone/Colossus-newone-Repository/master/</datadir>
    </extension>
    <extension point="xbmc.addon.metadata">
        <summary>Home Of 3rd Party Addons</summary>
        <description></description>
        <platform>all</platform>
    </extension>
</addon>
